Fiches d’intervention;;;;;;
Stylos, crayon, gomme;;;;;;
Main courante;;;;;;
Fiche de décharge;;;;;;
Fiche d’inventaire du matériel;;;;;;
Fiche d’utilisation du matériel;;;;;;
Carnet de traçabilité hygiène;;;;;;
Copie de la convention et ordre de mission;;;;;;
Téléphone et/ou radio;;;;;;
Lunettes de protection;;;;;;
Masque respiratoire à usage unique contre les projections (type FFP2);;;;;;
Masques chirurgicaux;;;;;;
Gants non stériles à usage unique;;;;;;
Liquide de nettoyage et de désinfection des mains;;;;;;
Container DASRI piquants et tranchants;;;;;;
Sac « Matériel à décontaminer » rouge;;;;;;
Sac poubelle noir;;;;;;
Sac DASRI jaune;;;;;;
Rouleau de rubalise;;;;;;
Lampe torche;;;;;;
Sac vomitoire;;;;;;
Gants de manutention (paire);;;;;;
Ciseaux de type Gesco;;;;;;
Appareil de mesure automatique de la pression artérielle avec brassard adapté : adulte, enfant, obèse;;;;;;
Thermomètre tympanique + embouts de protection;;;;;;
Oxymètre de pouls;;;;;;
Glucomètre;;;;;;
Bandelettes pour la glycémie;;;;;;
Autopiqueur pour la glycémie;;;;;;
Pansement compressif d’urgence;;;;;;
Gaze imbibée de substance hémostatique;;;;;;
Garrot tourniquet;;;;;;
Antiseptique cutané en monodose (Chlorhexidine);;;;;;
Bande Nylex 7 cm;;;;;;
Bande Nylex 10 cm;;;;;;
Compresses stériles 7,5 cm x 7,5 cm;;;;;;
Champs stériles (minimum 45 x 45 cm);;;;;;
Maille élastique pour doigt;;;;;;
Maille élastique pour membre;;;;;;
Pansements prédécoupés;;;;;;
Sérum physiologique 0.9% dose 5ml;;;;;;
Sérum physiologique 0.9% flacon 50 ml;;;;;;
Rouleau de sparadrap anallergique;;;;;;
Pince à écharde;;;;;;
Ciseaux;;;;;;
Echarpe triangulaire;;;;;;
Poche de froid instantané;;;;;;
Jeu de colliers cervicaux ou collier cervical réglable adultes;;;;;;
Jeu de colliers cervicaux ou collier cervical réglable enfants;;;;;;
Couverture de survie non stérile;;;;;;
Sucres emballés individuellement;;;;;;
Gobelet + bouteille d’eau;;;;;;
Bracelets SNV (situation à nombreuses victimes);;;;;;
Jeu de colliers cervicaux ou collier cervical réglable adultes;;;;;;
Jeu de colliers cervicaux ou collier cervical réglable enfants;;;;;;
Aspirateur de mucosités manuel;;;;;;
Sonde d’aspiration buccale adulte;;;;;;
Sonde d’aspiration buccale enfant;;;;;;
Sonde d’aspiration buccale nourrisson;;;;;;
Canule oropharyngée de chaque taille;;;;;;
Insufflateur manuel adulte + réservoir d’oxygène + tubulure + jeu de masques à usage unique;;;;;;
Insufflateur manuel pédiatrique + réservoir d’oxygène + tubulure + jeu de masques à usage unique;;;;;;
Masque d’inhalation à haute concentration d’oxygène adulte + tubulure;;;;;;
Masque d’inhalation à haute concentration d’oxygène enfant + tubulure;;;;;;
Masque d’inhalation simple d’oxygène adulte + tubulure;;;;;;
Masque d’inhalation simple d’oxygène enfant + tubulure;;;;;;
Lunettes à oxygène adulte;;;;;;
Bouteille d’oxygène avec mano détendeur débilitre intégré fixe - Volume 5l;;;;;;
Défibrillateur Automatisé Externe;;;;;;
Surblouses;;;;;;
Charlottes;;;;;;
Masques chirurgicaux;;;;;;
Gants non stériles à usage unique;;;;;;
Gants stériles à usage unique (paire);;;;;;
Rouleau de papier essuie-tout;;;;;;
Spray désinfectant de surface;;;;;;
Bombe désodorisante;;;;;;
Lingettes désinfectantes;;;;;;
Haricots;;;;;;
Sac « Matériel à décontaminer » rouge;;;;;;
Sac poubelle noir;;;;;;
Sac vomitoire;;;;;;
Urinal;;;;;;
Bassin;;;;;;
Brassard à tension manuel;;;;;;
Stéthoscope;;;;;;
Multiparamétrique;;;;;;
Appareil à ECG (Électrocardiogramme);;;;;;
Electrodes pour ECG;;;;;;
Savon neutre liquide;;;;;;
Antiseptique cutané en monodose (Chlorhexidine);;;;;;
Bande Nylex 7 cm;;;;;;
Bande Nylex 10 cm;;;;;;
Compresses stériles 7,5 cm x 7,5 cm;;;;;;
Pansements prédécoupés;;;;;;
Sérum physiologique 0.9% dose 5ml;;;;;;
Sérum physiologique 0.9% flacon 250 ml;;;;;;
Rouleau de sparadrap anallergique;;;;;;
Garrot tourniquet;;;;;;
Echarpe triangulaire;;;;;;
Matelas à dépression;;;;;;
Pompe à vide;;;;;;
Jeu d’attelles à dépression ou modelable;;;;;;
Attelles cervico-thoracique;;;;;;
Plan dur avec système d’immobilisation de tête et sangles;;;;;;
Ceinture pelvienne;;;;;;
Poche de froid instantané;;;;;;
Brancard / support de brancard;;;;;;
Brancard;;;;;;
Chaise de transport avec roues;;;;;;
Brancard type cuillère;;;;;;
Sangle pour brancard;;;;;;
Portoir souple;;;;;;
Aspirateur de mucosités électrique;;;;;;
Sonde d’aspiration buccale adulte;;;;;;
Sonde d’aspiration buccale enfant;;;;;;
Sonde d’aspiration buccale nourrisson;;;;;;
Insufflateur manuel adulte + réservoir d’oxygène + tubulure + jeu de masques à usage unique;;;;;;
Insufflateur manuel pédiatrique + réservoir d’oxygène + tubulure + jeu de masques à usage unique;;;;;;
Masque d’inhalation à haute concentration d’oxygène adulte + tubulure;;;;;;
Masque d’inhalation à haute concentration d’oxygène enfant + tubulure;;;;;;
Masque d’inhalation simple d’oxygène adulte + tubulure;;;;;;
Masque d’inhalation simple d’oxygène enfant + tubulure;;;;;;
Lunettes à oxygène adulte;;;;;;
Cardio-pompe;;;;;;
Couverture bactériostatique;;;;;;
Couverture de survie non stérile;;;;;;
Draps tissu ou non tissé;;;;;;
Sucres emballés individuellement;;;;;;
Gobelets + bouteilles d’eau;;;;;;
Lits picots ou équivalent (SNOGG, …);;;;;;
Kit AEV;;;;;;
Kit brûlure;;;;;;
Lot accouchement;;;;;;
Lot membre sectionné;;;;;;
Fiches d’intervention;;;;;;
Stylos, crayon, gomme;;;;;;
Main courante;;;;;;
Fiche de décharge;;;;;;
Fiche d’inventaire du matériel;;;;;;
Fiche d’utilisation du matériel;;;;;;
Carnet de traçabilité hygiène;;;;;;
Copie de la convention et ordre de mission;;;;;;
Téléphone et/ou radio;;;;;;
Lunettes de protection;;;;;;
Masque respiratoire à usage unique contre les projections (type FFP2);;;;;;
Masques chirurgicaux;;;;;;
Gants non stériles à usage unique;;;;;;
Liquide de nettoyage et de désinfection des mains;;;;;;
Container DASRI piquants et tranchants;;;;;;
Sac « Matériel à décontaminer » rouge;;;;;;
Sac poubelle noir;;;;;;
Sac DASRI jaune;;;;;;
Rouleau de rubalise;;;;;;
Lampe torche;;;;;;
Sac vomitoire;;;;;;
Gants de manutention (paire);;;;;;
Détecteur de CO en air ambiant;;;;;;
Ciseaux de type Gesco;;;;;;
Appareil de mesure automatique de la pression artérielle avec brassard adapté : adulte, enfant, obèse;;;;;;
Thermomètre tympanique + embouts de protection;;;;;;
Oxymètre de pouls;;;;;;
Glucomètre;;;;;;
Bandelettes pour la glycémie;;;;;;
Autopiqueur pour la glycémie;;;;;;
Pansement compressif d’urgence;;;;;;
Gaze imbibée de substance hémostatique;;;;;;
Garrot tourniquet;;;;;;
Antiseptique cutané en monodose (Chlorhexidine);;;;;;
Bande Nylex 7 cm;;;;;;
Bande Nylex 10 cm;;;;;;
Compresses stériles 7,5 cm x 7,5 cm;;;;;;
Champs stériles (minimum 45 x 45 cm);;;;;;
Maille élastique pour doigt;;;;;;
Maille élastique pour membre;;;;;;
Pansements prédécoupés;;;;;;
Sérum physiologique 0.9% dose 5ml;;;;;;
Sérum physiologique 0.9% flacon 50 ml;;;;;;
Rouleau de sparadrap anallergique;;;;;;
Pince à écharde;;;;;;
Ciseaux;;;;;;
Echarpe triangulaire;;;;;;
Poche de froid instantané;;;;;;
Couverture de survie non stérile;;;;;;
Sucres emballés individuellement;;;;;;
Gobelet + bouteille d’eau;;;;;;
Bracelets SNV (situation à nombreuses victimes);;;;;;
Jeu de colliers cervicaux ou collier cervical réglable adultes;;;;;;
Jeu de colliers cervicaux ou collier cervical réglable enfants;;;;;;
Aspirateur de mucosités manuel;;;;;;
Sonde d’aspiration buccale adulte;;;;;;
Sonde d’aspiration buccale enfant;;;;;;
Sonde d’aspiration buccale nourrisson;;;;;;
Canule oropharyngée de chaque taille;;;;;;
Insufflateur manuel adulte + réservoir d’oxygène + tubulure + jeu de masques à usage unique;;;;;;
Insufflateur manuel pédiatrique + réservoir d’oxygène + tubulure + jeu de masques à usage unique;;;;;;
Masque d’inhalation à haute concentration d’oxygène adulte + tubulure;;;;;;
Masque d’inhalation à haute concentration d’oxygène enfant + tubulure;;;;;;
Masque d’inhalation simple d’oxygène adulte + tubulure;;;;;;
Masque d’inhalation simple d’oxygène enfant + tubulure;;;;;;
Lunettes à oxygène adulte;;;;;;
Bouteille d’oxygène avec mano détendeur débilitre intégré fixe - Volume 5l;;;;;;
Défibrillateur Automatisé Externe;;;;;;
Surblouses;;;;;;
Charlottes;;;;;;
Masques chirurgicaux;;;;;;
Gants non stériles à usage unique;;;;;;
Gants stériles à usage unique (paire);;;;;;
Rouleau de papier essuie-tout;;;;;;
Spray désinfectant de surface;;;;;;
Bombe désodorisante;;;;;;
Lingettes désinfectantes;;;;;;
Haricots;;;;;;
Sac « Matériel à décontaminer » rouge;;;;;;
Sac poubelle noir;;;;;;
Sac vomitoire;;;;;;
Urinal;;;;;;
Bassin;;;;;;
Casque type F2 X-Trem blanc avec lunettes-masque;;;;;;
Cagoule de fuite;;;;;;
Brassard à tension manuel;;;;;;
Stéthoscope;;;;;;
Multiparamétrique;;;;;;
Appareil à ECG (Électrocardiogramme);;;;;;
Electrodes pour ECG;;;;;;
Savon neutre liquide;;;;;;
Pansement non occlusif;;;;;;
Antiseptique cutané en monodose (Chlorhexidine);;;;;;
Bande Nylex 7 cm;;;;;;
Bande Nylex 10 cm;;;;;;
Compresses stériles 7,5 cm x 7,5 cm;;;;;;
Pansements prédécoupés;;;;;;
Sérum physiologique 0.9% dose 5ml;;;;;;
Sérum physiologique 0.9% flacon 250 ml;;;;;;
Rouleau de sparadrap anallergique;;;;;;
Garrot tourniquet;;;;;;
Echarpe triangulaire;;;;;;
Matelas à dépression;;;;;;
Pompe à vide;;;;;;
Jeu d’attelles à dépression ou modelable;;;;;;
Attelles cervico-thoracique;;;;;;
Plan dur avec système d’immobilisation de tête et sangles;;;;;;
Attelle à traction pneumatique dite de « DONWAY »;;;;;;
Ceinture pelvienne;;;;;;
Poche de froid instantané;;;;;;
Brancard / support de brancard;;;;;;
Brancard;;;;;;
Chaise de transport avec roues;;;;;;
Brancard type cuillère;;;;;;
Sangle pour brancard;;;;;;
Portoir souple;;;;;;
Aspirateur de mucosités électrique;;;;;;
Sonde d’aspiration buccale adulte;;;;;;
Sonde d’aspiration buccale enfant;;;;;;
Sonde d’aspiration buccale nourrisson;;;;;;
Insufflateur manuel adulte + réservoir d’oxygène + tubulure + jeu de masques à usage unique;;;;;;
Insufflateur manuel pédiatrique + réservoir d’oxygène + tubulure + jeu de masques à usage unique;;;;;;
Masque d’inhalation à haute concentration d’oxygène adulte + tubulure;;;;;;
Masque d’inhalation à haute concentration d’oxygène enfant + tubulure;;;;;;
Masque d’inhalation simple d’oxygène adulte + tubulure;;;;;;
Masque d’inhalation simple d’oxygène enfant + tubulure;;;;;;
Lunettes à oxygène adulte;;;;;;
Bouteilles d’oxygène avec manodétendeur débilitre intégré fixe - Volume 5l;;;;;;
Cardio-pompe;;;;;;
Couverture bactériostatique;;;;;;
Couverture de survie non stérile;;;;;;
Draps tissu ou non tissé;;;;;;
Sucres emballés individuellement;;;;;;
Gobelets + bouteilles d’eau;;;;;;
Kit AEV;;;;;;
Kit brûlure;;;;;;
Lot accouchement;;;;;;
Lot membre sectionné;;;;;;
DÉSIGNATION;;;;;;
Fiches d’intervention;;;;;;
Stylos, crayon, gomme;;;;;;
Main courante;;;;;;
Fiche de décharge;;;;;;
Fiche d’inventaire du matériel;;;;;;
Fiche d’utilisation du matériel;;;;;;
Carnet de traçabilité hygiène;;;;;;
Copie de la convention et ordre de mission;;;;;;
Téléphone et/ou radio;;;;;;
Lunettes de protection;;;;;;
Masque respiratoire à usage unique contre les projections (type FFP2);;;;;;
Masques chirurgicaux;;;;;;
Gants non stériles à usage unique;;;;;;
Liquide de nettoyage et de désinfection des mains;;;;;;
Container DASRI piquants et tranchants;;;;;;
Sac « Matériel à décontaminer » rouge;;;;;;
Sac poubelle noir;;;;;;
Sac DASRI jaune;;;;;;
Rouleau de rubalise;;;;;;
Lampe torche;;;;;;
Sac vomitoire;;;;;;
Gants de manutention (paire);;;;;;
Ciseaux de type Gesco;;;;;;
Appareil de mesure automatique de la pression artérielle avec brassard adapté : adulte, enfant, obèse;;;;;;
Thermomètre tympanique + embouts de protection;;;;;;
Oxymètre de pouls;;;;;;
Glucomètre;;;;;;
Bandelettes pour la glycémie;;;;;;
Autopiqueur pour la glycémie;;;;;;
Pansement compressif d’urgence;;;;;;
Gaze imbibée de substance hémostatique;;;;;;
Garrot tourniquet;;;;;;
Antiseptique cutané en monodose (Chlorhexidine);;;;;;
Bande Nylex 7 cm;;;;;;
Bande Nylex 10 cm;;;;;;
Compresses stériles 7,5 cm x 7,5 cm;;;;;;
Champs stériles (minimum 45 x 45 cm);;;;;;
Maille élastique pour doigt;;;;;;
Maille élastique pour membre;;;;;;
Pansements prédécoupés;;;;;;
Sérum physiologique 0.9% dose 5ml;;;;;;
Sérum physiologique 0.9% flacon 50 ml;;;;;;
Rouleau de sparadrap anallergique;;;;;;
Pince à écharde;;;;;;
Ciseaux;;;;;;
Echarpe triangulaire;;;;;;
Poche de froid instantané;;;;;;
Couverture de survie non stérile;;;;;;
Sucres emballés individuellement;;;;;;
Gobelet + bouteille d’eau;;;;;;
Bracelets SNV (situation à nombreuses victimes);;;;;;
Jeu de colliers cervicaux ou collier cervical réglable adultes;;;;;;
Jeu de colliers cervicaux ou collier cervical réglable enfants;;;;;;
Aspirateur de mucosités manuel;;;;;;
Sonde d’aspiration buccale adulte;;;;;;
Sonde d’aspiration buccale enfant;;;;;;
Sonde d’aspiration buccale nourrisson;;;;;;
Canule oropharyngée de chaque taille;;;;;;
Insufflateur manuel adulte + réservoir d’oxygène + tubulure + jeu de masques à usage unique;;;;;;
Insufflateur manuel pédiatrique + réservoir d’oxygène + tubulure + jeu de masques à usage unique;;;;;;
Masque d’inhalation à haute concentration d’oxygène adulte + tubulure;;;;;;
Masque d’inhalation à haute concentration d’oxygène enfant + tubulure;;;;;;
Masque d’inhalation simple d’oxygène adulte + tubulure;;;;;;
Masque d’inhalation simple d’oxygène enfant + tubulure;;;;;;
Lunettes à oxygène adulte;;;;;;
Bouteille d’oxygène avec mano détendeur débilitre intégré fixe - Volume 5l;;;;;;
Défibrillateur Automatisé Externe;;;;;;
Spray désinfectant de surface;;;;;;
Bombe désodorisante;;;;;;
Savon neutre liquide;;;;;;
Antiseptique cutané en monodose (Chlorhexidine);;;;;;
Brancard;;;;;;
Chaise de transport avec roues;;;;;;
Sangle pour brancard;;;;;;
Aspirateur de mucosités électrique;;;;;;
Lits picots ou équivalent (SNOGG, …);;;;;;
Kit AEV;;;;;;
Fiches d’intervention;;;;;;
Stylos, crayon, gomme;;;;;;
Fiche d’inventaire du matériel;;;;;;
Fiche d’utilisation du matériel;;;;;;
Téléphone et/ou radio;;;;;;
Lunettes de protection;;;;;;
Masque respiratoire à usage unique contre les projections (type FFP2);;;;;;
Masques chirurgicaux;;;;;;
Gants non stériles à usage unique;;;;;;
Liquide de nettoyage et de désinfection des mains;;;;;;
Sac « Matériel à décontaminer » rouge;;;;;;
Sac poubelle noir;;;;;;
Rouleau de rubalise;;;;;;
Lampe torche;;;;;;
Sac vomitoire;;;;;;
Gants de manutention (paire);;;;;;
Ciseaux de type Gesco;;;;;;
Oxymètre de pouls;;;;;;
Pansement compressif d’urgence;;;;;;
Gaze imbibée de substance hémostatique;;;;;;
Garrot tourniquet;;;;;;
Antiseptique cutané en monodose (Chlorhexidine);;;;;;
Bande Nylex 7 cm;;;;;;
Bande Nylex 10 cm;;;;;;
Compresses stériles 7,5 cm x 7,5 cm;;;;;;
Pansements prédécoupés;;;;;;
Sérum physiologique 0.9% dose 5ml;;;;;;
Rouleau de sparadrap anallergique;;;;;;
Pince à écharde;;;;;;
Ciseaux;;;;;;
Echarpe triangulaire;;;;;;
Poche de froid instantané;;;;;;
Jeu de colliers cervicaux ou collier cervical réglable adultes;;;;;;
Jeu de colliers cervicaux ou collier cervical réglable enfants;;;;;;
Couverture de survie non stérile;;;;;;
Sucres emballés individuellement;;;;;;
Gobelet + bouteille d’eau;;;;;;
Insufflateur manuel adulte + réservoir d’oxygène + tubulure + jeu de masques à usage unique;;;;;;
Insufflateur manuel pédiatrique + réservoir d’oxygène + tubulure + jeu de masques à usage unique;;;;;;
Canule oropharyngée de chaque taille;;;;;;
Aspirateur de mucosités manuel;;;;;;
Sonde d’aspiration buccale adulte;;;;;;
Sonde d’aspiration buccale enfant;;;;;;
Sonde d’aspiration buccale nourrisson;;;;;;
Masque d’inhalation à haute concentration d’oxygène adulte + tubulure;;;;;;
Masque d’inhalation à haute concentration d’oxygène enfant + tubulure;;;;;;
Masque d’inhalation simple d’oxygène adulte + tubulure;;;;;;
Masque d’inhalation simple d’oxygène enfant + tubulure;;;;;;
Lunettes à oxygène adulte;;;;;;
Bouteille d’oxygène avec mano détendeur débilitre intégré fixe - Volume 5l;;;;;;
Défibrillateur Automatisé Externe;;;;;;
